{"cameraMode":{"drawMode":0,"name":"Shaded","section":"Shading Mode"},"sceneLighting":true,"audioPlay":false,"sceneViewState":{"m_AlwaysRefresh":false,"showFog":true,"showSkybox":true,"showFlares":true,"showImageEffects":true,"showParticleSystems":true,"showVisualEffectGraphs":true,"m_FxEnabled":true},"in2DMode":false,"pivot":{"x":-2.4364919662475588,"y":-25.878753662109376,"z":47.56441879272461},"rotation":{"x":-0.4334014058113098,"y":-0.008779381401836872,"z":0.004572026431560516,"w":-0.9013358950614929},"size":79.0450668334961,"orthographic":false}